{
  "id": "2805675",
  "name": "no name",
  "font_family": "iconfont",
  "css_prefix_text": "icon-",
  "description": "",
  "glyphs": [
    {
      "icon_id": "5387549",
      "name": "刷新",
      "font_class": "shuaxin",
      "unicode": "eafd",
      "unicode_decimal": 60157
    },
    {
      "icon_id": "15838424",
      "name": "add",
      "font_class": "add",
      "unicode": "e664",
      "unicode_decimal": 58980
    },
    {
      "icon_id": "15838425",
      "name": "add-circle",
      "font_class": "add-circle",
      "unicode": "e665",
      "unicode_decimal": 58981
    },
    {
      "icon_id": "15838426",
      "name": "adjust",
      "font_class": "adjust",
      "unicode": "e666",
      "unicode_decimal": 58982
    },
    {
      "icon_id": "15838427",
      "name": "arrow-up-circle",
      "font_class": "arrow-up-circle",
      "unicode": "e667",
      "unicode_decimal": 58983
    }
  ]
}
