{
  "id": "2358981",
  "name": "升降检测平台",
  "font_family": "iconfont",
  "css_prefix_text": "icon",
  "description": "",
  "glyphs": [
    {
      "icon_id": "5387527",
      "name": "加号",
      "font_class": "jiahao",
      "unicode": "eaf3",
      "unicode_decimal": 60147
    },
    {
      "icon_id": "5387532",
      "name": "减号",
      "font_class": "jianhao",
      "unicode": "eaf5",
      "unicode_decimal": 60149
    },
    {
      "icon_id": "6004705",
      "name": "复位",
      "font_class": "fuwei",
      "unicode": "e6ff",
      "unicode_decimal": 59135
    },
    {
      "icon_id": "19752229",
      "name": "报警管理",
      "font_class": "baojingguanli",
      "unicode": "e6b3",
      "unicode_decimal": 59059
    },
    {
      "icon_id": "5815988",
      "name": "摄像头",
      "font_class": "shexiangtou",
      "unicode": "e632",
      "unicode_decimal": 58930
    },
    {
      "icon_id": "12368327",
      "name": "拼图",
      "font_class": "wanfabiaoqian",
      "unicode": "e600",
      "unicode_decimal": 58880
    },
    {
      "icon_id": "19751794",
      "name": "settings-3-fill",
      "font_class": "settings-3-fill",
      "unicode": "e6b1",
      "unicode_decimal": 59057
    },
    {
      "icon_id": "19751741",
      "name": "工作台",
      "font_class": "gongzuotai",
      "unicode": "e6af",
      "unicode_decimal": 59055
    },
    {
      "icon_id": "19751742",
      "name": "数据管理",
      "font_class": "shujuguanli",
      "unicode": "e6b0",
      "unicode_decimal": 59056
    }
  ]
}
